[
	{
		"name": "Blake Noel",
		"city": "Albany",
		"colour": "#ea3633"
	},
	{
		"name": "Rafael Carney",
		"city": "Moss",
		"colour": "#acc643"
	},
	{
		"name": "Holly Cleveland",
		"city": "Limoges",
		"colour": "#fcf8ab"
	},
	{
		"name": "Michael Noble",
		"city": "Ghanche",
		"colour": "#308799"
	},
	{
		"name": "Hoyt Kent",
		"city": "Suncheon",
		"colour": "#8ee1e5"
	},
	{
		"name": "Petra Tanner",
		"city": "Missoula",
		"colour": "#0b0584"
	},
	{
		"name": "Illiana Snider",
		"city": "Nicoya",
		"colour": "#07b76b"
	},
	{
		"name": "Josiah Molina",
		"city": "Shanxi",
		"colour": "#8fe549"
	},
	{
		"name": "Hayfa Mcfarland",
		"city": "Södertälje",
		"colour": "#b497db"
	},
	{
		"name": "Gretchen George",
		"city": "Upper Hutt",
		"colour": "#2dd61d"
	},
	{
		"name": "Damon Snyder",
		"city": "Jaén",
		"colour": "#ef56af"
	},
	{
		"name": "Igor Slater",
		"city": "Wiener Neustadt",
		"colour": "#94ef70"
	},
	{
		"name": "Quin Christensen",
		"city": "Pskov",
		"colour": "#91b2e0"
	},
	{
		"name": "Gannon Winters",
		"city": "Mercedes",
		"colour": "#5b9bef"
	},
	{
		"name": "Eve Stevenson",
		"city": "Reyhanlı",
		"colour": "#e8c919"
	},
	{
		"name": "Karleigh Hull",
		"city": "Charters Towers",
		"colour": "#92c1e8"
	},
	{
		"name": "Willow Calderon",
		"city": "Haridwar",
		"colour": "#a352ce"
	},
	{
		"name": "Wade Shields",
		"city": "Warri",
		"colour": "#4bfc3f"
	},
	{
		"name": "Kai Jefferson",
		"city": "Melitopol",
		"colour": "#d9ff99"
	},
	{
		"name": "Knox Clayton",
		"city": "Kirov",
		"colour": "#ede282"
	},
	{
		"name": "Dalton Buchanan",
		"city": "Pierrefonds",
		"colour": "#e3ea7e"
	},
	{
		"name": "Rylee Sims",
		"city": "Puntarenas",
		"colour": "#dd6cb4"
	},
	{
		"name": "Naida Charles",
		"city": "Paraíso",
		"colour": "#5c9ebc"
	},
	{
		"name": "Colorado Tucker",
		"city": "Tramutola",
		"colour": "#73efbb"
	},
	{
		"name": "Harriet Mercer",
		"city": "Pamplona",
		"colour": "#0a967f"
	},
	{
		"name": "Fatima Clay",
		"city": "Palma de Mallorca",
		"colour": "#fc4979"
	},
	{
		"name": "Lana Faulkner",
		"city": "İzmit",
		"colour": "#fcc1ff"
	},
	{
		"name": "Lila Brooks",
		"city": "Orenburg",
		"colour": "#c489dd"
	},
	{
		"name": "Nicole Roach",
		"city": "Uman",
		"colour": "#77fc3f"
	},
	{
		"name": "Kamal Lloyd",
		"city": "Kızılcahamam",
		"colour": "#8c8af7"
	},
	{
		"name": "Miriam Leon",
		"city": "Iquitos",
		"colour": "#c5cc0e"
	},
	{
		"name": "August Alvarado",
		"city": "Woerden",
		"colour": "#f4cfb2"
	},
	{
		"name": "Yuli Acosta",
		"city": "El Retorno",
		"colour": "#baf90c"
	},
	{
		"name": "Graham Burke",
		"city": "Vienna",
		"colour": "#e0799d"
	},
	{
		"name": "Lucius Rhodes",
		"city": "Norrköping",
		"colour": "#d4b3f2"
	},
	{
		"name": "Kessie Morgan",
		"city": "Mauá",
		"colour": "#626bc9"
	},
	{
		"name": "Jena Meyers",
		"city": "Seevetal",
		"colour": "#372896"
	},
	{
		"name": "Martin Perkins",
		"city": "Cork",
		"colour": "#93e560"
	},
	{
		"name": "Marcia Petersen",
		"city": "Quế",
		"colour": "#d841b5"
	},
	{
		"name": "Pamela Travis",
		"city": "Jeju",
		"colour": "#9bf7a6"
	},
	{
		"name": "Jillian Pate",
		"city": "Kuruman",
		"colour": "#ffc6f4"
	},
	{
		"name": "Alexis Mckinney",
		"city": "Konotop",
		"colour": "#42ff68"
	},
	{
		"name": "Dexter Tran",
		"city": "Santander",
		"colour": "#e053cb"
	},
	{
		"name": "Hu Ramos",
		"city": "Berlin",
		"colour": "#eadc7e"
	},
	{
		"name": "Uriah Willis",
		"city": "Shimoga",
		"colour": "#80ed92"
	},
	{
		"name": "Martena Taylor",
		"city": "Trujillo",
		"colour": "#a9d8f2"
	},
	{
		"name": "Carl Cantu",
		"city": "Port Pirie",
		"colour": "#f248b4"
	},
	{
		"name": "Buckminster Dickson",
		"city": "Palangka Raya",
		"colour": "#fcc7d1"
	},
	{
		"name": "Illana Morton",
		"city": "Davenport",
		"colour": "#02ce38"
	},
	{
		"name": "Roth Snider",
		"city": "Kungälv",
		"colour": "#56ce56"
	}
]